source,dest
https://experienceleague.adobe.com/docs/experience-platform/dashboards/guides/segments.html,https://experienceleague.adobe.com/docs/experience-platform/dashboards/guides/audiences.html
https://experienceleague.adobe.com/docs/experience-platform/query/use-cases/activity-analysis-with-adobe-target.html,https://experienceleague.adobe.com/docs/experience-platform/query/home.html
https://experienceleague.adobe.com/docs/experience-platform/query/data-distiller/license-usage.html,https://experienceleague.adobe.com/docs/experience-platform/query/data-distiller/overview.html
https://experienceleague.adobe.com/docs/experience-platform/query/data-governance.html,https://experienceleague.adobe.com/docs/experience-platform/query/data-governance/overview.html
https://experienceleague.adobe.com/docs/experience-platform/xdm/tutorials/field-deprecation.html,https://experienceleague.adobe.com/docs/experience-platform/xdm/tutorials/field-deprecation-api.html
https://experienceleague.adobe.com/docs/experience-platform/query/data-distiller/licence-usage.html,https://experienceleague.adobe.com/docs/experience-platform/query/data-distiller/license-usage.html
https://experienceleague.adobe.com/docs/experience-platform/query/derived-attributes/deciles-use-case.html,https://experienceleague.adobe.com/docs/experience-platform/query/use-cases/deciles-use-case.html
https://experienceleague.adobe.com/docs/experience-platform/query/best-practices/adobe-analytics.html,https://experienceleague.adobe.com/docs/experience-platform/query/use-cases/merchandising-variables.html
https://experienceleague.adobe.com/docs/experience-platform/query/sample-queries/adobe-analytics.html,https://experienceleague.adobe.com/docs/experience-platform/query/use-cases/merchandising-variables.html
https://experienceleague.adobe.com/docs/experience-platform/query/sample-queries/experience-event.html,https://experienceleague.adobe.com/docs/experience-platform/query/use-cases/trended-report-of-events.html
https://experienceleague.adobe.com/docs/experience-platform/query/best-practices/incremental-load.html,https://experienceleague.adobe.com/docs/experience-platform/query/essential-concepts/incremental-load.html
https://experienceleague.adobe.com/docs/experience-platform/query/best-practices/flatten-nested-data.html,https://experienceleague.adobe.com/docs/experience-platform/query/essential-concepts/flatten-nested-data.html
https://experienceleague.adobe.com/docs/experience-platform/query/best-practices/deduplication.html,https://experienceleague.adobe.com/docs/experience-platform/query/essential-concepts/deduplication.html
https://experienceleague.adobe.com/docs/experience-platform/query/sql/dataset-samples.html,https://experienceleague.adobe.com/docs/experience-platform/query/essential-concepts/dataset-samples.html
https://experienceleague.adobe.com/docs/experience-platform/query/best-practices/anonymous-block.html,https://experienceleague.adobe.com/docs/experience-platform/query/essential-concepts/anonymous-block.html
https://experienceleague.adobe.com/docs/experience-platform/query/monitor-queries.html,https://experienceleague.adobe.com/docs/experience-platform/query/ui/monitor-queries.html
https://experienceleague.adobe.com/docs/experience-platform/query/derived-attributes/overview.html,https://experienceleague.adobe.com/docs/experience-platform/query/data-distiller/derived-attributes/overview.html
https://experienceleague.adobe.com/docs/experience-platform/query/query-accelerated-store/reporting-insights-data-model.html,https://experienceleague.adobe.com/docs/experience-platform/query/data-distiller/query-accelerated-store/reporting-insights-data-model.html
https://experienceleague.adobe.com/docs/experience-platform/hygiene/ui/delete-consumer.html,https://experienceleague.adobe.com/docs/experience-platform/hygiene/ui/record-delete.html
https://experienceleague.adobe.com/docs/experience-platform/tags/extensions/3rd-party-extensions.html,https://experienceleague.adobe.com/docs/experience-platform/tags/extensions/overview.html
https://experienceleague.adobe.com/docs/experience-platform/tags/extensions/adobe/analytics/(*),https://experienceleague.adobe.com/docs/experience-platform/tags/extensions/client/analytics/
https://experienceleague.adobe.com/docs/experience-platform/tags/extensions/adobe/asset-insights/(*),https://experienceleague.adobe.com/docs/experience-platform/tags/extensions/client/asset-insights/
https://experienceleague.adobe.com/docs/experience-platform/tags/extensions/adobe/audience-manager/(*),https://experienceleague.adobe.com/docs/experience-platform/tags/extensions/client/audience-manager/
https://experienceleague.adobe.com/docs/experience-platform/tags/extensions/adobe/brightcove/(*),https://experienceleague.adobe.com/docs/experience-platform/tags/extensions/client/brightcove/
https://experienceleague.adobe.com/docs/experience-platform/tags/extensions/adobe/client-data-layer/(*),https://experienceleague.adobe.com/docs/experience-platform/tags/extensions/client/client-data-layer/
https://experienceleague.adobe.com/docs/experience-platform/tags/extensions/adobe/contexthub/(*),https://experienceleague.adobe.com/docs/experience-platform/tags/extensions/client/contexthub/
https://experienceleague.adobe.com/docs/experience-platform/tags/extensions/adobe/core/overview.html,https://experienceleague.adobe.com/docs/experience-platform/tags/extensions/client/core/overview.html
https://experienceleague.adobe.com/docs/experience-platform/tags/extensions/adobe/core/release-notes.html,https://experienceleague.adobe.com/docs/experience-platform/tags/extensions/client/core/release-notes.html
https://experienceleague.adobe.com/docs/experience-platform/tags/extensions/adobe/google-data-layer/(*),https://experienceleague.adobe.com/docs/experience-platform/tags/extensions/client/google-data-layer/
https://experienceleague.adobe.com/docs/experience-platform/tags/extensions/adobe/id-service/(*),https://experienceleague.adobe.com/docs/experience-platform/tags/extensions/client/id-service/
https://experienceleague.adobe.com/docs/experience-platform/tags/extensions/adobe/marketo/(*),https://experienceleague.adobe.com/docs/experience-platform/tags/extensions/client/marketo/
https://experienceleague.adobe.com/docs/experience-platform/tags/extensions/adobe/media-analytics/(*),https://experienceleague.adobe.com/docs/experience-platform/tags/extensions/client/media-analytics/
https://experienceleague.adobe.com/docs/experience-platform/tags/extensions/adobe/media-analytics-3x/(*),https://experienceleague.adobe.com/docs/experience-platform/tags/extensions/client/media-analytics-3x/
https://experienceleague.adobe.com/docs/experience-platform/tags/extensions/adobe/platform-demo/(*),https://experienceleague.adobe.com/docs/experience-platform/tags/extensions/client/platform-demo/
https://experienceleague.adobe.com/docs/experience-platform/tags/extensions/adobe/plugins/(*),https://experienceleague.adobe.com/docs/experience-platform/tags/extensions/client/plugins/
https://experienceleague.adobe.com/docs/experience-platform/tags/extensions/adobe/privacy/(*),https://experienceleague.adobe.com/docs/experience-platform/tags/extensions/client/privacy/
https://experienceleague.adobe.com/docs/experience-platform/tags/extensions/adobe/product-string/(*),https://experienceleague.adobe.com/docs/experience-platform/tags/extensions/client/product-string/
https://experienceleague.adobe.com/docs/experience-platform/tags/extensions/adobe/sdk/(*),https://experienceleague.adobe.com/docs/experience-platform/tags/extensions/client/sdk/
https://experienceleague.adobe.com/docs/experience-platform/tags/extensions/adobe/target/(*),https://experienceleague.adobe.com/docs/experience-platform/tags/extensions/client/target/
https://experienceleague.adobe.com/docs/experience-platform/tags/extensions/adobe/target-v2/(*),https://experienceleague.adobe.com/docs/experience-platform/tags/extensions/client/target-v2/
https://experienceleague.adobe.com/docs/experience-platform/tags/extensions/adobe/web-sdk-plugins/(*),https://experienceleague.adobe.com/docs/experience-platform/tags/extensions/client/web-sdk-plugins/
https://experienceleague.adobe.com/docs/experience-platform/tags/extensions/adobe/youtube/(*),https://experienceleague.adobe.com/docs/experience-platform/tags/extensions/client/youtube/
https://experienceleague.adobe.com/docs/experience-platform/tags/extensions/adobe/aws/(*),https://experienceleague.adobe.com/docs/experience-platform/tags/extensions/server/aws/
https://experienceleague.adobe.com/docs/experience-platform/tags/extensions/adobe/azure/(*),https://experienceleague.adobe.com/docs/experience-platform/tags/extensions/server/azure/
https://experienceleague.adobe.com/docs/experience-platform/tags/extensions/adobe/cloud-connector/(*),https://experienceleague.adobe.com/docs/experience-platform/tags/extensions/server/cloud-connector/
https://experienceleague.adobe.com/docs/experience-platform/tags/extensions/adobe/core/event-forwarding.html,https://experienceleague.adobe.com/docs/experience-platform/tags/extensions/server/core/overview.html
https://experienceleague.adobe.com/docs/experience-platform/tags/extensions/adobe/google-ads-enhanced-conversions/(*),https://experienceleague.adobe.com/docs/experience-platform/tags/extensions/server/google-ads-enhanced-conversions/
https://experienceleague.adobe.com/docs/experience-platform/tags/extensions/adobe/mailchimp-edge/(*),https://experienceleague.adobe.com/docs/experience-platform/tags/extensions/server/mailchimp/
https://experienceleague.adobe.com/docs/experience-platform/tags/extensions/adobe/splunk/(*),https://experienceleague.adobe.com/docs/experience-platform/tags/extensions/server/splunk/
https://experienceleague.adobe.com/docs/experience-platform/tags/extensions/adobe/zendesk/(*),https://experienceleague.adobe.com/docs/experience-platform/tags/extensions/server/zendesk/
https://experienceleague.adobe.com/docs/experience-platform/debugger/solutions.html,https://experienceleague.adobe.com/docs/experience-platform/debugger/solutions/overview.html
https://experienceleague.adobe.com/docs/experience-platform/ingestion/tutorials/map-a-csv-file.html,https://experienceleague.adobe.com/docs/experience-platform/ingestion/tutorials/map-csv/existing-schema.html
https://experienceleague.adobe.com/docs/experience-platform/profile/apply-ttl.html,https://experienceleague.adobe.com/docs/experience-platform/profile/event-expirations.html
https://experienceleague.adobe.com/docs/experience-platform/query/data-distiller/packages.html,https://experienceleague.adobe.com/docs/experience-platform/query/packages.html
https://experienceleague.adobe.com/docs/experience-platform/hygiene/api/ttl.html,https://experienceleague.adobe.com/docs/experience-platform/hygiene/api/dataset-expiration.html
https://experienceleague.adobe.com/docs/experience-platform/hygiene/ui/ttl.html,https://experienceleague.adobe.com/docs/experience-platform/hygiene/ui/dataset-expiration.html
https://experienceleague.adobe.com/docs/experience-platform/tags/admin/manage-permissions.html,https://experienceleague.adobe.com/docs/experience-platform/collection/permissions.html
https://experienceleague.adobe.com/docs/experience-platform/query/derived-attributes.html,https://experienceleague.adobe.com/docs/experience-platform/query/derived-attributes/overview.html
https://experienceleague.adobe.com/docs/experience-platform/rtcdp-connections/(*),https://experienceleague.adobe.com/docs/experience-platform/collection/
https://experienceleague.adobe.com/docs/experience-platform/query/sample-queries/adobe-target.html,https://experienceleague.adobe.com/docs/experience-platform/query/home.html
https://experienceleague.adobe.com/docs/experience-platform/catalog/data-protection.html,https://experienceleague.adobe.com/docs/experience-platform/landing/governance-privacy-security/encryption.html
https://experienceleague.adobe.com/docs/experience-platform/privacy/data-hygiene-api.html,https://experienceleague.adobe.com/docs/experience-platform/hygiene/api/overview.html
https://experienceleague.adobe.com/docs/experience-platform/query/get-started/use-case.html,https://experienceleague.adobe.com/docs/experience-platform/query/use-cases/abandoned-cart.html
https://experienceleague.adobe.com/docs/experience-platform/edge/fundamentals/datastreams.html,https://experienceleague.adobe.com/docs/experience-platform/edge/datastreams/overview.html
https://experienceleague.adobe.com/docs/experience-platform/query/audit-log-guide.html,https://experienceleague.adobe.com/docs/experience-platform/query/data-governance/audit-log-guide.html
https://experienceleague.adobe.com/docs/experience-platform/query/use-cases/abandoned-cart.html,https://experienceleague.adobe.com/docs/experience-platform/query/use-cases/abandoned-browse.html
https://experienceleague.adobe.com/docs/experience-platform/query/quickstart.html,https://experienceleague.adobe.com/docs/experience-platform/query/get-started/prerequisites.html
https://experienceleague.adobe.com/docs/experience-platform/xdm/tutorials/extend-soft-enum.html,https://experienceleague.adobe.com/docs/experience-platform/xdm/tutorials/suggested-values.html
https://experienceleague.adobe.com/docs/experience-platform/privacy/api/jobs.html,https://experienceleague.adobe.com/docs/experience-platform/privacy/api/privacy-jobs.html
https://experienceleague.adobe.com/docs/experience-platform/segmentation/ui/segment-match.html,https://experienceleague.adobe.com/docs/experience-platform/segmentation/ui/segment-match/overview.html
https://experienceleague.adobe.com/docs/experience-platform/rtcdp/b2b-release-notes.html,https://experienceleague.adobe.com/docs/experience-platform/release-notes/2021/november-2021.html
https://experienceleague.adobe.com/docs/experience-platform/edge/extension/web-sdk-extension.html,https://experienceleague.adobe.com/docs/experience-platform/edge/extension/web-sdk-extension-configuration.html
https://experienceleague.adobe.com/docs/experience-platform/rtcdp/intro/home-page-dashboards.html,https://experienceleague.adobe.com/docs/experience-platform/rtcdp/intro/rtcdp-intro/home-page-dashboards.html
https://experienceleague.adobe.com/docs/experience-platform/rtcdp/intro/get-started.html,https://experienceleague.adobe.com/docs/experience-platform/rtcdp/intro/rtcdp-intro/get-started.html
https://experienceleague.adobe.com/docs/experience-platform/landing/governance-privacy-security/consent/adobe/sdk.html,https://experienceleague.adobe.com/docs/experience-platform/landing/governance-privacy-security/consent/sdk.html
https://experienceleague.adobe.com/docs/experience-platform/observability/notifications/(*),https://experienceleague.adobe.com/docs/experience-platform/observability/alerts/
https://experienceleague.adobe.com/docs/launch/using/reference/upgrade/(*),https://experienceleague.adobe.com/docs/experience-platform/tags/home.html
https://experienceleague.adobe.com/docs/launch/using/release-notes/2018-release-notes.html,https://experienceleague.adobe.com/docs/launch/using/release-notes/2018.html
https://experienceleague.adobe.com/docs/launch/using/release-notes/2019-release-notes.html,https://experienceleague.adobe.com/docs/launch/using/release-notes/2019.html
https://experienceleague.adobe.com/docs/launch/using/release-notes/2020-release-notes.html,https://experienceleague.adobe.com/docs/launch/using/release-notes/2020.html
https://experienceleague.adobe.com/docs/launch/using/launch-term-updates.html,https://experienceleague.adobe.com/docs/experience-platform/tags/term-updates.html
https://experienceleague.adobe.com/docs/launch/using/faq.html,https://experienceleague.adobe.com/docs/experience-platform/tags/faq.html
https://experienceleague.adobe.com/docs/launch/using/extension-dev/(*),https://experienceleague.adobe.com/docs/experience-platform/tags/extension-dev/
https://experienceleague.adobe.com/docs/launch/using/extensions-ref/adobe-extension/youtubee-extension/video-tracking-youtube-extension-release-notes.html,https://experienceleague.adobe.com/docs/experience-platform/tags/extensions/adobe/youtube/release-notes.html
https://experienceleague.adobe.com/docs/launch/using/extensions-ref/adobe-extension/youtubee-extension/overview.html,https://experienceleague.adobe.com/docs/experience-platform/tags/extensions/adobe/youtube/overview.html
https://experienceleague.adobe.com/docs/launch/using/extensions-ref/adobe-extension/brightcove-extension/video-tracking-brightcove-extension-release-notes.html,https://experienceleague.adobe.com/docs/experience-platform/tags/extensions/adobe/brightcove/release-notes.html
https://experienceleague.adobe.com/docs/launch/using/extensions-ref/adobe-extension/brightcove-extension/overview.html,https://experienceleague.adobe.com/docs/experience-platform/tags/extensions/adobe/brightcove/overview.html
https://experienceleague.adobe.com/docs/launch/using/extensions-ref/adobe-extension/marketo-extension/marketo-munchkin-release-notes.html,https://experienceleague.adobe.com/docs/experience-platform/tags/extensions/adobe/marketo/release-notes.html
https://experienceleague.adobe.com/docs/launch/using/extensions-ref/adobe-extension/marketo-extension/overview.html,https://experienceleague.adobe.com/docs/experience-platform/tags/extensions/adobe/marketo/overview.html
https://experienceleague.adobe.com/docs/launch/using/extensions-ref/adobe-extension/core-extension/core-release-notes.html,https://experienceleague.adobe.com/docs/experience-platform/tags/extensions/adobe/core/release-notes.html
https://experienceleague.adobe.com/docs/launch/using/extensions-ref/adobe-extension/core-extension/overview-launch-server-side.html,https://experienceleague.adobe.com/docs/experience-platform/tags/extensions/adobe/core/event-forwarding.html
https://experienceleague.adobe.com/docs/launch/using/extensions-ref/adobe-extension/core-extension/overview.html,https://experienceleague.adobe.com/docs/experience-platform/tags/extensions/adobe/core/overview.html
https://experienceleague.adobe.com/docs/launch/using/extensions-ref/adobe-extension/plugins-extension/common-analytics-plugins-release-notes.html,https://experienceleague.adobe.com/docs/experience-platform/tags/extensions/adobe/plugins/release-notes.html
https://experienceleague.adobe.com/docs/launch/using/extensions-ref/adobe-extension/plugins-extension/common-analytics-plugins.html,https://experienceleague.adobe.com/docs/experience-platform/tags/extensions/adobe/plugins/overview.html
https://experienceleague.adobe.com/docs/launch/using/extensions-ref/adobe-extension/targetv2-extension/adobe-target-v2-release-notes.html,https://experienceleague.adobe.com/docs/experience-platform/tags/extensions/adobe/target-v2/release-notes.html
https://experienceleague.adobe.com/docs/launch/using/extensions-ref/adobe-extension/targetv2-extension/adobe-target-extension-v2.html,https://experienceleague.adobe.com/docs/experience-platform/tags/extensions/adobe/target-v2/overview.html
https://experienceleague.adobe.com/docs/launch/using/extensions-ref/adobe-extension/target-extension/adobe-target-release-notes,https://experienceleague.adobe.com/docs/experience-platform/tags/extensions/adobe/target/release-notes.md
https://experienceleague.adobe.com/docs/launch/using/extensions-ref/adobe-extension/target-extension/overview.html,https://experienceleague.adobe.com/docs/experience-platform/tags/extensions/adobe/target/overview.html
https://experienceleague.adobe.com/docs/launch/using/extensions-ref/adobe-extension/privacy/overview.html,https://experienceleague.adobe.com/docs/experience-platform/tags/extensions/adobe/privacy/overview.html
https://experienceleague.adobe.com/docs/launch/using/extensions-ref/adobe-extension/media-analytics-extension/adobe-media-analytics-for-audio-and-video-extension-release-notes.html,https://experienceleague.adobe.com/docs/experience-platform/tags/extensions/adobe/media-analytics/release-notes.html
https://experienceleague.adobe.com/docs/launch/using/extensions-ref/adobe-extension/media-analytics-extension/overview.html,https://experienceleague.adobe.com/docs/experience-platform/tags/extensions/adobe/media-analytics/overview.html
https://experienceleague.adobe.com/docs/launch/using/extensions-ref/adobe-extension/media-analytics-3x-extension/adobe-media-analytics-3x-for-audio-and-video-extension-release-notes.html,https://experienceleague.adobe.com/docs/experience-platform/tags/extensions/adobe/media-analytics-3x/release-notes.html
https://experienceleague.adobe.com/docs/launch/using/extensions-ref/adobe-extension/media-analytics-3x-extension/overview.html,https://experienceleague.adobe.com/docs/experience-platform/tags/extensions/adobe/media-analytics-3x/overview.html
https://experienceleague.adobe.com/docs/launch/using/extensions-ref/adobe-extension/aem-asset-insights-extension/aem-asset-insights-release-notes.html,https://experienceleague.adobe.com/docs/experience-platform/tags/extensions/adobe/asset-insights/release-notes.html
https://experienceleague.adobe.com/docs/launch/using/extensions-ref/adobe-extension/aem-asset-insights-extension/aem-asset-insights.html,https://experienceleague.adobe.com/docs/experience-platform/tags/extensions/adobe/asset-insights/overview.html
https://experienceleague.adobe.com/docs/launch/using/extensions-ref/adobe-extension/aep-cloud-extension/cloud-connector-extension.html,https://experienceleague.adobe.com/docs/experience-platform/tags/extensions/adobe/cloud-connector/overview.html
https://experienceleague.adobe.com/docs/launch/using/extensions-ref/adobe-extension/aep-extension/overview.html,https://experienceleague.adobe.com/docs/experience-platform/tags/extensions/adobe/sdk/overview.html
https://experienceleague.adobe.com/docs/launch/using/extensions-ref/adobe-extension/platform-demo/overview.html,https://experienceleague.adobe.com/docs/experience-platform/tags/extensions/adobe/platform-demo/overview.html
https://experienceleague.adobe.com/docs/launch/using/extensions-ref/adobe-extension/id-service-extension/experience-cloud-id-release-notes.html,https://experienceleague.adobe.com/docs/experience-platform/tags/extensions/adobe/id-service/release-notes.html
https://experienceleague.adobe.com/docs/launch/using/extensions-ref/adobe-extension/id-service-extension/overview.html,https://experienceleague.adobe.com/docs/experience-platform/tags/extensions/adobe/id-service/overview.html
https://experienceleague.adobe.com/docs/launch/using/extensions-ref/adobe-extension/acdl/(*),https://experienceleague.adobe.com/docs/experience-platform/tags/extensions/adobe/client-data-layer/
https://experienceleague.adobe.com/docs/launch/using/extensions-ref/adobe-extension/contexthub/overview.html,https://experienceleague.adobe.com/docs/experience-platform/tags/extensions/adobe/contexthub/overview.html
https://experienceleague.adobe.com/docs/launch/using/extensions-ref/adobe-extension/audience-manager/overview.html,https://experienceleague.adobe.com/docs/experience-platform/tags/extensions/adobe/audience-manager/overview.html
https://experienceleague.adobe.com/docs/launch/using/extensions-ref/adobe-extension/product-string-extension/adobe-analytics-product-string-release-notes.html,https://experienceleague.adobe.com/docs/experience-platform/tags/extensions/adobe/product-string/release-notes.html
https://experienceleague.adobe.com/docs/launch/using/extensions-ref/adobe-extension/product-string-extension/overview.html,https://experienceleague.adobe.com/docs/experience-platform/tags/extensions/adobe/product-string/overview.html
https://experienceleague.adobe.com/docs/launch/using/extensions-ref/adobe-extension/analytics-extension/adobe-analytics-release-notes.html,https://experienceleague.adobe.com/docs/experience-platform/tags/extensions/adobe/analytics/release-notes.html
https://experienceleague.adobe.com/docs/launch/using/extensions-ref/adobe-extension/analytics-extension/shared-modules.html,https://experienceleague.adobe.com/docs/experience-platform/tags/extensions/adobe/analytics/shared-modules.html
https://experienceleague.adobe.com/docs/launch/using/extensions-ref/adobe-extension/analytics-extension/overview.html,https://experienceleague.adobe.com/docs/experience-platform/tags/extensions/adobe/analytics/overview.html
https://experienceleague.adobe.com/docs/launch/using/extensions-ref/adobe-extension/overview.html,https://experienceleague.adobe.com/docs/experience-platform/tags/extensions/adobe/overview.html
https://experienceleague.adobe.com/docs/launch/using/extensions-ref/overview.html,https://experienceleague.adobe.com/docs/experience-platform/tags/extensions/overview.html
https://experienceleague.adobe.com/docs/launch/using/admin/(*),https://experienceleague.adobe.com/docs/experience-platform/tags/admin/
https://experienceleague.adobe.com/docs/launch/using/server-side-info/server-side-getting-started.html,https://experienceleague.adobe.com/docs/experience-platform/tags/event-forwarding/getting-started.html
https://experienceleague.adobe.com/docs/launch/using/server-side-info/server-side-overview.html,https://experienceleague.adobe.com/docs/experience-platform/tags/event-forwarding/overview.html
https://experienceleague.adobe.com/docs/launch/using/client-side-info/content-security-policy-csp.html,https://experienceleague.adobe.com/docs/experience-platform/tags/client-side/content-security-policy.html
https://experienceleague.adobe.com/docs/launch/using/client-side-info/deploy-javascript-tags-to-opt-in-to-launch.html,https://experienceleague.adobe.com/docs/experience-platform/tags/client-side/consent.html
https://experienceleague.adobe.com/docs/launch/using/client-side-info/launch-object-reference.html,https://experienceleague.adobe.com/docs/experience-platform/tags/client-side/satellite-object.html
https://experienceleague.adobe.com/docs/launch/using/reference/publish/(*),https://experienceleague.adobe.com/docs/experience-platform/tags/publish/
https://experienceleague.adobe.com/docs/launch/using/publish/(*),https://experienceleague.adobe.com/docs/experience-platform/tags/publish/
https://experienceleague.adobe.com/docs/launch/using/get-started/(*),https://experienceleague.adobe.com/docs/experience-platform/tags/get-started/
https://experienceleague.adobe.com/docs/launch/using/client-side-info/(*),https://experienceleague.adobe.com/docs/experience-platform/tags/client-side/
https://experienceleague.adobe.com/docs/launch/using/ui/(*),https://experienceleague.adobe.com/docs/experience-platform/tags/ui/
https://experienceleague.adobe.com/docs/launch/using/api/(*),https://experienceleague.adobe.com/docs/experience-platform/tags/api/
https://experienceleague.adobe.com/docs/launch/using/extension-dev/modules/edge/flow.html,https://experienceleague.adobe.com/docs/launch/using/extension-dev/edge/flow.html
https://experienceleague.adobe.com/docs/launch/using/extension-dev/modules/edge/format.html,https://experienceleague.adobe.com/docs/launch/using/extension-dev/edge/format.html
https://experienceleague.adobe.com/docs/launch/using/extension-dev/modules/edge/views.html,https://experienceleague.adobe.com/docs/launch/using/extension-dev/web/views.html
https://experienceleague.adobe.com/docs/launch/using/extension-dev/modules/edge/context.html,https://experienceleague.adobe.com/docs/launch/using/extension-dev/edge/context.html
https://experienceleague.adobe.com/docs/launch/using/extension-dev/modules/edge/condition-types.html,https://experienceleague.adobe.com/docs/launch/using/extension-dev/edge/condition-types.html
https://experienceleague.adobe.com/docs/launch/using/extension-dev/modules/edge/action-types.html,https://experienceleague.adobe.com/docs/launch/using/extension-dev/edge/action-types.html
https://experienceleague.adobe.com/docs/launch/using/extension-dev/modules/edge/data-element-types.html,https://experienceleague.adobe.com/docs/launch/using/extension-dev/edge/data-element-types.html
https://experienceleague.adobe.com/docs/launch/using/extension-dev/modules/web/flow.html,https://experienceleague.adobe.com/docs/launch/using/extension-dev/web/flow.html
https://experienceleague.adobe.com/docs/launch/using/extension-dev/modules/web/format.html,https://experienceleague.adobe.com/docs/launch/using/extension-dev/web/format.html
https://experienceleague.adobe.com/docs/launch/using/extension-dev/modules/web/views.html,https://experienceleague.adobe.com/docs/launch/using/extension-dev/web/views.html
https://experienceleague.adobe.com/docs/launch/using/extension-dev/modules/web/event-types.html,https://experienceleague.adobe.com/docs/launch/using/extension-dev/web/event-types.html
https://experienceleague.adobe.com/docs/launch/using/extension-dev/modules/web/condition-types.html,https://experienceleague.adobe.com/docs/launch/using/extension-dev/web/condition-types.html
https://experienceleague.adobe.com/docs/launch/using/extension-dev/modules/web/action-types.html,https://experienceleague.adobe.com/docs/launch/using/extension-dev/web/action-types.html
https://experienceleague.adobe.com/docs/launch/using/extension-dev/modules/web/data-element-types.html,https://experienceleague.adobe.com/docs/launch/using/extension-dev/web/data-element-types.html
https://experienceleague.adobe.com/docs/launch/using/extension-dev/modules/web/core.html,https://experienceleague.adobe.com/docs/launch/using/extension-dev/web/core.html
https://experienceleague.adobe.com/docs/launch/using/extension-dev/modules/web/shared.html,https://experienceleague.adobe.com/docs/launch/using/extension-dev/web/shared.html
https://experienceleague.adobe.com/docs/launch/using/overview.html,https://experienceleague.adobe.com/docs/launch/using/home.html
https://experienceleague.adobe.com/docs/launch/using/extensions-ref/adobe-extension/adobe-privacy-extension.html,https://experienceleague.adobe.com/docs/experience-platform/tags/extensions/adobe/privacy/overview.html
https://experienceleague.adobe.com/docs/launch/using/extensions-ref/adobe-extension/adobe-experience-platform-extension.html,https://experienceleague.adobe.com/docs/experience-platform/tags/extensions/adobe/platform-demo/overview.html
https://experienceleague.adobe.com/docs/launch/using/extensions-ref/adobe-extension/adobe-contexthub-extension.html,https://experienceleague.adobe.com/docs/experience-platform/tags/extensions/adobe/contexthub/overview.html
https://experienceleague.adobe.com/docs/launch/using/extensions-ref/adobe-extension/adobe-audience-manager-extension.html,https://experienceleague.adobe.com/docs/experience-platform/tags/extensions/adobe/audience-manager/overview.html
https://experienceleague.adobe.com/docs/launch/using/intro/release-notes/current.html,https://experienceleague.adobe.com/docs/launch/using/release-notes/current.html
https://experienceleague.adobe.com/docs/launch/using/intro/release-notes/2019-release-notes.html,https://experienceleague.adobe.com/docs/launch/using/release-notes/2019.html
https://experienceleague.adobe.com/docs/launch/using/intro/release-notes/2018-release-notes.html,https://experienceleague.adobe.com/docs/launch/using/release-notes/2018.html
https://experienceleague.adobe.com/docs/launch/using/intro/get-started/quick-start.html,https://experienceleague.adobe.com/docs/launch/using/get-started/quick-start.html
https://experienceleague.adobe.com/docs/launch/using/intro/get-started/implementation-guides.html,https://experienceleague.adobe.com/docs/launch/using/get-started/implementation-guides.html
https://experienceleague.adobe.com/docs/launch/using/intro/get-started/videos.html,https://experienceleague.adobe.com/docs/launch/using/get-started/videos.html
https://experienceleague.adobe.com/docs/launch/using/intro/launch-faq.html,https://experienceleague.adobe.com/docs/experience-platform/tags/faq.html
https://experienceleague.adobe.com/docs/launch/using/intro/additional-resources.html,https://experienceleague.adobe.com/docs/launch/using/additional-resources.html
https://experienceleague.adobe.com/docs/launch/using/reference/manage-resources/overview.html,https://experienceleague.adobe.com/docs/launch/using/ui/overview.html
https://experienceleague.adobe.com/docs/launch/using/reference/manage-resources/extensions/overview.html,https://experienceleague.adobe.com/docs/launch/using/ui/extensions/overview.html
https://experienceleague.adobe.com/docs/launch/using/reference/manage-resources/extensions/extension-upgrade.html,https://experienceleague.adobe.com/docs/launch/using/ui/extensions/extension-upgrade.html
https://experienceleague.adobe.com/docs/launch/using/reference/manage-resources/data-elements.html,https://experienceleague.adobe.com/docs/launch/using/ui/data-elements.html
https://experienceleague.adobe.com/docs/launch/using/reference/manage-resources/rules.html,https://experienceleague.adobe.com/docs/launch/using/ui/rules.html
https://experienceleague.adobe.com/docs/launch/using/reference/manage-resources/notes.html,https://experienceleague.adobe.com/docs/launch/using/ui/notes.html
https://experienceleague.adobe.com/docs/launch/using/reference/manage-resources/copying-resources.html,https://experienceleague.adobe.com/docs/launch/using/ui/copying-resources.html
https://experienceleague.adobe.com/docs/launch/using/reference/manage-resources/compare-resource-revisions.html,https://experienceleague.adobe.com/docs/launch/using/ui/compare-resource-revisions.html
https://experienceleague.adobe.com/docs/launch/using/reference/manage-resources/delete-resources.html,https://experienceleague.adobe.com/docs/launch/using/ui/delete-resources.html
https://experienceleague.adobe.com/docs/launch/using/reference/manage-resources/remove-resources-from-library.html,https://experienceleague.adobe.com/docs/launch/using/ui/remove-resources-from-library.html
https://experienceleague.adobe.com/docs/launch/using/reference/publish/overview.html,https://experienceleague.adobe.com/docs/launch/using/publish/overview.html
https://experienceleague.adobe.com/docs/launch/using/reference/publish/approval-workflow.html,https://experienceleague.adobe.com/docs/launch/using/publish/approval-workflow.html
https://experienceleague.adobe.com/docs/launch/using/reference/publish/hosts/hosts-overview.html,https://experienceleague.adobe.com/docs/launch/using/publish/hosts/hosts-overview.html
https://experienceleague.adobe.com/docs/launch/using/reference/publish/hosts/managed-by-adobe-host.html,https://experienceleague.adobe.com/docs/launch/using/publish/hosts/managed-by-adobe-host.html
https://experienceleague.adobe.com/docs/launch/using/reference/publish/hosts/sftp-host.html,https://experienceleague.adobe.com/docs/launch/using/publish/hosts/sftp-host.html
https://experienceleague.adobe.com/docs/launch/using/reference/publish/environments/environments.html,https://experienceleague.adobe.com/docs/launch/using/publish/environments/environments.html
https://experienceleague.adobe.com/docs/launch/using/reference/publish/environments/embed-code-testing.html,https://experienceleague.adobe.com/docs/launch/using/publish/environments/embed-code-testing.html
https://experienceleague.adobe.com/docs/launch/using/reference/publish/builds.html,https://experienceleague.adobe.com/docs/launch/using/publish/builds.html
https://experienceleague.adobe.com/docs/launch/using/reference/publish/libraries.html,https://experienceleague.adobe.com/docs/launch/using/publish/libraries.html
https://experienceleague.adobe.com/docs/launch/using/reference/publish/self-hosting-libraries.html,https://experienceleague.adobe.com/docs/launch/using/publish/self-hosting-libraries.html
https://experienceleague.adobe.com/docs/launch/using/reference/publish/republish.html,https://experienceleague.adobe.com/docs/launch/using/publish/republish.html
https://experienceleague.adobe.com/docs/launch/using/reference/client-side-info/overview.html,https://experienceleague.adobe.com/docs/launch/using/client-side-info/overview.html
https://experienceleague.adobe.com/docs/launch/using/reference/client-side-info/asynchronous-deployment.html,https://experienceleague.adobe.com/docs/launch/using/client-side-info/asynchronous-deployment.html
https://experienceleague.adobe.com/docs/launch/using/reference/client-side-info/launch-object-reference.html,https://experienceleague.adobe.com/docs/experience-platform/tags/client-side/satellite-object.html
https://experienceleague.adobe.com/docs/launch/using/reference/client-side-info/deploy-javascript-tags-to-opt-in-to-launch.html,https://experienceleague.adobe.com/docs/experience-platform/tags/client-side/consent.html
https://experienceleague.adobe.com/docs/launch/using/reference/client-side-info/content-security-policy-csp.html,https://experienceleague.adobe.com/docs/experience-platform/tags/client-side/content-security-policy.html
https://experienceleague.adobe.com/docs/launch/using/reference/server-side-info/server-side-overview.html,https://experienceleague.adobe.com/docs/experience-platform/tags/event-forwarding/overview.html
https://experienceleague.adobe.com/docs/launch/using/reference/server-side-info/server-side-getting-started.html,https://experienceleague.adobe.com/docs/experience-platform/tags/event-forwarding/getting-started.html
https://experienceleague.adobe.com/docs/launch/using/reference/server-side-info/sri.html,https://experienceleague.adobe.com/docs/launch/using/client-side-info/sri.html
https://experienceleague.adobe.com/docs/launch/using/reference/client-side-info/sri.html,https://experienceleague.adobe.com/docs/launch/using/client-side-info/sri.html
https://experienceleague.adobe.com/docs/launch/using/reference/server-side-info/admin/sri.html,https://experienceleague.adobe.com/docs/launch/using/client-side-info/sri.html
https://experienceleague.adobe.com/docs/launch/using/reference/admin/sri.html,https://experienceleague.adobe.com/docs/launch/using/client-side-info/sri.html
https://experienceleague.adobe.com/docs/launch/using/reference/admin/overview.html,https://experienceleague.adobe.com/docs/launch/using/admin/overview.html
https://experienceleague.adobe.com/docs/launch/using/reference/admin/companies-and-properties.html,https://experienceleague.adobe.com/docs/launch/using/admin/companies-and-properties.html
https://experienceleague.adobe.com/docs/launch/using/reference/admin/user-permissions.html,https://experienceleague.adobe.com/docs/launch/using/admin/user-permissions.html
https://experienceleague.adobe.com/docs/launch/using/get-started/upgrade/(*),https://experienceleague.adobe.com/docs/launch/using/home.html
https://experienceleague.adobe.com/docs/experience-platform/segmentation/honoring-opt-outs.html,https://experienceleague.adobe.com/docs/experience-platform/segmentation/consents.html
https://experienceleague.adobe.com/docs/experience-platform/xdm/mixins/profile/work-details.html,https://experienceleague.adobe.com/docs/experience-platform/xdm/field-groups/profile/work-contact-details.html
https://experienceleague.adobe.com/docs/experience-platform/xdm/ui/resources/mixins.html,https://experienceleague.adobe.com/docs/experience-platform/xdm/ui/resources/field-groups.html
https://experienceleague.adobe.com/docs/experience-platform/xdm/mixins/(*),https://experienceleague.adobe.com/docs/experience-platform/xdm/field-groups/
https://experienceleague.adobe.com/docs/experience-platform/xdm/mixins/profile/personal-details.html,https://experienceleague.adobe.com/docs/experience-platform/xdm/field-groups/profile/personal-contact-details.html
https://experienceleague.adobe.com/docs/experience-platform/xdm/mixins/profile/person-details.html,https://experienceleague.adobe.com/docs/experience-platform/xdm/field-groups/profile/demographic-details.html
https://experienceleague.adobe.com/docs/experience-platform/rtcdp/privacy/iab/overview.html,https://experienceleague.adobe.com/docs/experience-platform/landing/governance-privacy-security/consent/iab/overview.html
https://experienceleague.adobe.com/docs/experience-platform/rtcdp/privacy/iab/dataset-preparation.html,https://experienceleague.adobe.com/docs/experience-platform/landing/governance-privacy-security/consent/iab/dataset.html
https://experienceleague.adobe.com/docs/experience-platform/xdm/schema/use-cases/privacy-consent.html,https://experienceleague.adobe.com/docs/experience-platform/xdm/data-types/consents.html
https://experienceleague.adobe.com/docs/experience-platform/rtcdp/sensei/customer-ai.html,https://experienceleague.adobe.com/docs/experience-platform/intelligent-services/customer-ai/overview.html
https://experienceleague.adobe.com/docs/experience-platform/tutorials/destinations/email-marketing-api.html,https://experienceleague.adobe.com/docs/experience-platform/rtcdp/destinations/api-tutorials/email-marketing-api.html
https://experienceleague.adobe.com/docs/experience-platform/rtcdp/destinations/destinations-overview.html,https://experienceleague.adobe.com/docs/experience-platform/destinations/home.html
https://experienceleague.adobe.com/docs/experience-platform/rtcdp/destinations/destination-types.html,https://experienceleague.adobe.com/docs/experience-platform/destinations/destination-types.html
https://experienceleague.adobe.com/docs/experience-platform/rtcdp/destinations/destinations-interface/destinations-workspace.html,https://experienceleague.adobe.com/docs/experience-platform/destinations/ui/destinations-workspace.html
https://experienceleague.adobe.com/docs/experience-platform/rtcdp/destinations/destinations-interface/destination-details-page.html,https://experienceleague.adobe.com/docs/experience-platform/destinations/ui/destination-details-page.html
https://experienceleague.adobe.com/docs/experience-platform/rtcdp/destinations/destinations-cat/destinations-catalog.html,https://experienceleague.adobe.com/docs/experience-platform/destinations/catalog/overview.html
https://experienceleague.adobe.com/docs/experience-platform/rtcdp/destinations/destinations-cat/http-destination.html,https://experienceleague.adobe.com/docs/experience-platform/destinations/catalog/http-destination.html
https://experienceleague.adobe.com/docs/experience-platform/rtcdp/destinations/destinations-cat/adobe-destinations/adobe-destinations.html,https://experienceleague.adobe.com/docs/experience-platform/destinations/catalog/adobe/overview.html
https://experienceleague.adobe.com/docs/experience-platform/rtcdp/destinations/destinations-cat/adobe-destinations/adobe-campaign-destination.html,https://experienceleague.adobe.com/docs/experience-platform/destinations/catalog/email-marketing/adobe-campaign.html
https://experienceleague.adobe.com/docs/experience-platform/rtcdp/destinations/destinations-cat/advertising-destinations/advertising-destinations.html,https://experienceleague.adobe.com/docs/experience-platform/destinations/catalog/advertising/overview.html
https://experienceleague.adobe.com/docs/experience-platform/rtcdp/destinations/destinations-cat/advertising-destinations/adobe-advertising-cloud-extension.html,https://experienceleague.adobe.com/docs/experience-platform/destinations/catalog/advertising/adobe-advertising-cloud.html
https://experienceleague.adobe.com/docs/experience-platform/rtcdp/destinations/destinations-cat/advertising-destinations/awin-conversiontag-extension.html,https://experienceleague.adobe.com/docs/experience-platform/destinations/catalog/advertising/awin-conversiontag.html
https://experienceleague.adobe.com/docs/experience-platform/rtcdp/destinations/destinations-cat/advertising-destinations/awin-mastertag-extension.html,https://experienceleague.adobe.com/docs/experience-platform/destinations/catalog/advertising/awin-mastertag.html
https://experienceleague.adobe.com/docs/experience-platform/rtcdp/destinations/destinations-cat/advertising-destinations/beemray-extension.html,https://experienceleague.adobe.com/docs/experience-platform/destinations/catalog/personalization/beemray.html
https://experienceleague.adobe.com/docs/experience-platform/rtcdp/destinations/destinations-cat/advertising-destinations/bing-ads-extension.html,https://experienceleague.adobe.com/docs/experience-platform/destinations/catalog/advertising/bing-ads.html
https://experienceleague.adobe.com/docs/experience-platform/rtcdp/destinations/destinations-cat/advertising-destinations/branch-extension.html,https://experienceleague.adobe.com/docs/experience-platform/destinations/catalog/advertising/branch.html
https://experienceleague.adobe.com/docs/experience-platform/rtcdp/destinations/destinations-cat/advertising-destinations/doubleclick-floodlight-extension.html,https://experienceleague.adobe.com/docs/experience-platform/destinations/catalog/advertising/doubleclick-floodlight.html
https://experienceleague.adobe.com/docs/experience-platform/rtcdp/destinations/destinations-cat/advertising-destinations/facebook-pixel-extension.html,https://experienceleague.adobe.com/docs/experience-platform/destinations/catalog/advertising/facebook-pixel.html
https://experienceleague.adobe.com/docs/experience-platform/rtcdp/destinations/destinations-cat/advertising-destinations/flashtalking-extension.html,https://experienceleague.adobe.com/docs/experience-platform/destinations/catalog/advertising/flashtalking.html
https://experienceleague.adobe.com/docs/experience-platform/rtcdp/destinations/destinations-cat/advertising-destinations/google-ads-destination.html,https://experienceleague.adobe.com/docs/experience-platform/destinations/catalog/advertising/google-ads-destination.html
https://experienceleague.adobe.com/docs/experience-platform/rtcdp/destinations/destinations-cat/advertising-destinations/google-ads-extension.html,https://experienceleague.adobe.com/docs/experience-platform/destinations/catalog/advertising/google-ads-extension.html
https://experienceleague.adobe.com/docs/experience-platform/rtcdp/destinations/destinations-cat/advertising-destinations/google-ad-manager-destination.html,https://experienceleague.adobe.com/docs/experience-platform/destinations/catalog/advertising/google-ad-manager.html
https://experienceleague.adobe.com/docs/experience-platform/rtcdp/destinations/destinations-cat/advertising-destinations/google-customer-match-destination.html,https://experienceleague.adobe.com/docs/experience-platform/destinations/catalog/advertising/google-customer-match.html
https://experienceleague.adobe.com/docs/experience-platform/rtcdp/destinations/destinations-cat/advertising-destinations/google-dv360-destination.html,https://experienceleague.adobe.com/docs/experience-platform/destinations/catalog/advertising/google-dv360.html
https://experienceleague.adobe.com/docs/experience-platform/rtcdp/destinations/destinations-cat/advertising-destinations/gtag-advertising-extension.html,https://experienceleague.adobe.com/docs/experience-platform/destinations/catalog/advertising/gtag-advertising.html
https://experienceleague.adobe.com/docs/experience-platform/rtcdp/destinations/destinations-cat/advertising-destinations/linkedin-extension.html,https://experienceleague.adobe.com/docs/experience-platform/destinations/catalog/advertising/linkedin.html
https://experienceleague.adobe.com/docs/experience-platform/rtcdp/destinations/destinations-cat/advertising-destinations/bing-destination.html,https://experienceleague.adobe.com/docs/experience-platform/destinations/catalog/advertising/bing.html
https://experienceleague.adobe.com/docs/experience-platform/rtcdp/destinations/destinations-cat/advertising-destinations/pinterest-extension.html,https://experienceleague.adobe.com/docs/experience-platform/destinations/catalog/advertising/pinterest.html
https://experienceleague.adobe.com/docs/experience-platform/rtcdp/destinations/destinations-cat/advertising-destinations/tradedesk-destination.html,https://experienceleague.adobe.com/docs/experience-platform/destinations/catalog/advertising/tradedesk.html
https://experienceleague.adobe.com/docs/experience-platform/rtcdp/destinations/destinations-cat/advertising-destinations/twitter-uwt-extension.html,https://experienceleague.adobe.com/docs/experience-platform/destinations/catalog/advertising/twitter-uwt.html
https://experienceleague.adobe.com/docs/experience-platform/rtcdp/destinations/destinations-cat/analytics-destinations/analytics-destinations.html,https://experienceleague.adobe.com/docs/experience-platform/destinations/catalog/analytics/overview.html
https://experienceleague.adobe.com/docs/experience-platform/rtcdp/destinations/destinations-cat/analytics-destinations/adform-extension.html,https://experienceleague.adobe.com/docs/experience-platform/destinations/catalog/analytics/adform.html
https://experienceleague.adobe.com/docs/experience-platform/rtcdp/destinations/destinations-cat/analytics-destinations/adobe-analytics-extension.html,https://experienceleague.adobe.com/docs/experience-platform/destinations/catalog/analytics/adobe-analytics.html
https://experienceleague.adobe.com/docs/experience-platform/rtcdp/destinations/destinations-cat/analytics-destinations/adobe-video-analytics-extension.html,https://experienceleague.adobe.com/docs/experience-platform/destinations/catalog/analytics/adobe-video-analytics.html
https://experienceleague.adobe.com/docs/experience-platform/rtcdp/destinations/destinations-cat/analytics-destinations/clicktale-extension.html,https://experienceleague.adobe.com/docs/experience-platform/destinations/catalog/analytics/clicktale.html
https://experienceleague.adobe.com/docs/experience-platform/rtcdp/destinations/destinations-cat/analytics-destinations/contentsquare-extension.html,https://experienceleague.adobe.com/docs/experience-platform/destinations/catalog/analytics/contentsquare.html
https://experienceleague.adobe.com/docs/experience-platform/rtcdp/destinations/destinations-cat/analytics-destinations/decibel-extension.html,https://experienceleague.adobe.com/docs/experience-platform/destinations/catalog/analytics/decibel.html
https://experienceleague.adobe.com/docs/experience-platform/rtcdp/destinations/destinations-cat/analytics-destinations/demandbase-extension.html,https://experienceleague.adobe.com/docs/experience-platform/destinations/catalog/analytics/demandbase.html
https://experienceleague.adobe.com/docs/experience-platform/rtcdp/destinations/destinations-cat/analytics-destinations/dialogtech-extension.html,https://experienceleague.adobe.com/docs/experience-platform/destinations/catalog/analytics/dialogtech.html
https://experienceleague.adobe.com/docs/experience-platform/rtcdp/destinations/destinations-cat/analytics-destinations/gtag-analytics-extension.html,https://experienceleague.adobe.com/docs/experience-platform/destinations/catalog/analytics/gtag-analytics.html
https://experienceleague.adobe.com/docs/experience-platform/rtcdp/destinations/destinations-cat/analytics-destinations/google-universal-analytics-extension.html,https://experienceleague.adobe.com/docs/experience-platform/destinations/catalog/analytics/google-universal-analytics.html
https://experienceleague.adobe.com/docs/experience-platform/rtcdp/destinations/destinations-cat/analytics-destinations/jw-player-analytics-extension.html,https://experienceleague.adobe.com/docs/experience-platform/destinations/catalog/analytics/jw-player-analytics.html
https://experienceleague.adobe.com/docs/experience-platform/rtcdp/destinations/destinations-cat/analytics-destinations/nielsen-bsdk-extension.html,https://experienceleague.adobe.com/docs/experience-platform/destinations/catalog/analytics/nielsen-bsdk.html
https://experienceleague.adobe.com/docs/experience-platform/rtcdp/destinations/destinations-cat/analytics-destinations/nielsen-ima-extension.html,https://experienceleague.adobe.com/docs/experience-platform/destinations/catalog/analytics/nielsen-ima.html
https://experienceleague.adobe.com/docs/experience-platform/rtcdp/destinations/destinations-cat/analytics-destinations/nielsen-videojs-extension.html,https://experienceleague.adobe.com/docs/experience-platform/destinations/catalog/analytics/nielsen-videojs.html
https://experienceleague.adobe.com/docs/experience-platform/rtcdp/destinations/destinations-cat/analytics-destinations/parsely-extension.html,https://experienceleague.adobe.com/docs/experience-platform/destinations/catalog/analytics/parsely.html
https://experienceleague.adobe.com/docs/experience-platform/rtcdp/destinations/destinations-cat/analytics-destinations/quantum-metric-extension.html,https://experienceleague.adobe.com/docs/experience-platform/destinations/catalog/analytics/quantum-metric.html
https://experienceleague.adobe.com/docs/experience-platform/rtcdp/destinations/destinations-cat/analytics-destinations/sessioncam-extension.html,https://experienceleague.adobe.com/docs/experience-platform/destinations/catalog/analytics/sessioncam.html
https://experienceleague.adobe.com/docs/experience-platform/rtcdp/destinations/destinations-cat/analytics-destinations/tmmdata-extension.html,https://experienceleague.adobe.com/docs/experience-platform/destinations/catalog/analytics/tmmdata.html
https://experienceleague.adobe.com/docs/experience-platform/rtcdp/destinations/destinations-cat/analytics-destinations/yext-extension.html,https://experienceleague.adobe.com/docs/experience-platform/destinations/catalog/analytics/yext.html
https://experienceleague.adobe.com/docs/experience-platform/rtcdp/destinations/destinations-cat/cloud-storage/cloud-storage-destinations.html,https://experienceleague.adobe.com/docs/experience-platform/destinations/catalog/cloud-storage/overview.html
https://experienceleague.adobe.com/docs/experience-platform/rtcdp/destinations/destinations-cat/cloud-storage/cloud-storage-destinations-workflow.html,https://experienceleague.adobe.com/docs/experience-platform/destinations/catalog/cloud-storage/workflow.html
https://experienceleague.adobe.com/docs/experience-platform/rtcdp/destinations/destinations-cat/cloud-storage/amazon-kinesis-destination.html,https://experienceleague.adobe.com/docs/experience-platform/destinations/catalog/cloud-storage/amazon-kinesis.html
https://experienceleague.adobe.com/docs/experience-platform/rtcdp/destinations/destinations-cat/cloud-storage/amazon-s3-destination.html,https://experienceleague.adobe.com/docs/experience-platform/destinations/catalog/cloud-storage/amazon-s3.html
https://experienceleague.adobe.com/docs/experience-platform/rtcdp/destinations/destinations-cat/cloud-storage/azure-event-hubs-destination.html,https://experienceleague.adobe.com/docs/experience-platform/destinations/catalog/cloud-storage/azure-event-hubs.html
https://experienceleague.adobe.com/docs/experience-platform/rtcdp/destinations/destinations-cat/cloud-storage/sftp-destination.html,https://experienceleague.adobe.com/docs/experience-platform/destinations/catalog/cloud-storage/sftp.html
https://experienceleague.adobe.com/docs/experience-platform/rtcdp/destinations/destinations-cat/dmp-destinations/dmp-destinations.html,https://experienceleague.adobe.com/docs/experience-platform/destinations/catalog/data-management/overview.html
https://experienceleague.adobe.com/docs/experience-platform/rtcdp/destinations/destinations-cat/dmp-destinations/aam-dil-extension.html,https://experienceleague.adobe.com/docs/experience-platform/destinations/catalog/data-management/aam-dil-extension.html
https://experienceleague.adobe.com/docs/experience-platform/rtcdp/destinations/destinations-cat/email-destinations/email-marketing-destinations.html,https://experienceleague.adobe.com/docs/experience-platform/destinations/catalog/email-marketing/overview.html
https://experienceleague.adobe.com/docs/experience-platform/rtcdp/destinations/destinations-cat/email-destinations/adobe-campaign-destination.html,https://experienceleague.adobe.com/docs/experience-platform/destinations/catalog/email-marketing/adobe-campaign.html
https://experienceleague.adobe.com/docs/experience-platform/rtcdp/destinations/destinations-cat/email-destinations/bizible-extension.html,https://experienceleague.adobe.com/docs/experience-platform/destinations/catalog/email/bizible.html
https://experienceleague.adobe.com/docs/experience-platform/rtcdp/destinations/destinations-cat/email-destinations/marketo-extension.html,https://experienceleague.adobe.com/docs/experience-platform/destinations/catalog/email/marketo.html
https://experienceleague.adobe.com/docs/experience-platform/rtcdp/destinations/destinations-cat/email-destinations/marketo-munchkin-extension.html,https://experienceleague.adobe.com/docs/experience-platform/destinations/catalog/email/marketo-munchkin.html
https://experienceleague.adobe.com/docs/experience-platform/rtcdp/destinations/destinations-cat/email-destinations/oracle-eloqua-destination.html,https://experienceleague.adobe.com/docs/experience-platform/destinations/catalog/email-marketing/oracle-eloqua.html
https://experienceleague.adobe.com/docs/experience-platform/rtcdp/destinations/destinations-cat/email-destinations/oracle-responsys-destination.html,https://experienceleague.adobe.com/docs/experience-platform/destinations/catalog/email-marketing/oracle-responsys.html
https://experienceleague.adobe.com/docs/experience-platform/rtcdp/destinations/destinations-cat/email-destinations/pebblepost-extension.html,https://experienceleague.adobe.com/docs/experience-platform/destinations/catalog/email/pebblepost.html
https://experienceleague.adobe.com/docs/experience-platform/rtcdp/destinations/destinations-cat/email-destinations/salesforce-marketing-cloud-destination.html,https://experienceleague.adobe.com/docs/experience-platform/destinations/catalog/email-marketing/salesforce-marketing-cloud.html
https://experienceleague.adobe.com/docs/experience-platform/rtcdp/destinations/destinations-cat/launch-extensions/experience-platform-launch-extensions.html,https://experienceleague.adobe.com/docs/experience-platform/destinations/catalog/launch-extensions/overview.html
https://experienceleague.adobe.com/docs/experience-platform/rtcdp/destinations/destinations-cat/mobile-engagement-destinations/mobile-destinations.html,https://experienceleague.adobe.com/docs/experience-platform/destinations/catalog/mobile-engagement/overview.html
https://experienceleague.adobe.com/docs/experience-platform/rtcdp/destinations/destinations-cat/mobile-engagement-destinations/airship-attributes-destination.html,https://experienceleague.adobe.com/docs/experience-platform/destinations/catalog/mobile-engagement/airship-attributes.html
https://experienceleague.adobe.com/docs/experience-platform/rtcdp/destinations/destinations-cat/mobile-engagement-destinations/airship-tags-destination.html,https://experienceleague.adobe.com/docs/experience-platform/destinations/catalog/mobile-engagement/airship-tags.html
https://experienceleague.adobe.com/docs/experience-platform/rtcdp/destinations/destinations-cat/mobile-engagement-destinations/braze-destination.html,https://experienceleague.adobe.com/docs/experience-platform/destinations/catalog/mobile-engagement/braze.html
https://experienceleague.adobe.com/docs/experience-platform/rtcdp/destinations/destinations-cat/personalization-destinations/personalization-destinations.html,https://experienceleague.adobe.com/docs/experience-platform/destinations/catalog/personalization/overview.html
https://experienceleague.adobe.com/docs/experience-platform/rtcdp/destinations/destinations-cat/personalization-destinations/adobe-target-extension.html,https://experienceleague.adobe.com/docs/experience-platform/destinations/catalog/personalization/adobe-target.html
https://experienceleague.adobe.com/docs/experience-platform/rtcdp/destinations/destinations-cat/personalization-destinations/adobe-target-v2-extension.html,https://experienceleague.adobe.com/docs/experience-platform/destinations/catalog/personalization/adobe-target-v2.html
https://experienceleague.adobe.com/docs/experience-platform/rtcdp/destinations/destinations-cat/personalization-destinations/beemray-extension.html,https://experienceleague.adobe.com/docs/experience-platform/destinations/catalog/personalization/beemray.html
https://experienceleague.adobe.com/docs/experience-platform/rtcdp/destinations/destinations-cat/personalization-destinations/dnb-extension.html,https://experienceleague.adobe.com/docs/experience-platform/destinations/catalog/personalization/dnb.html
https://experienceleague.adobe.com/docs/experience-platform/rtcdp/destinations/destinations-cat/personalization-destinations/adobe-ecid-extension.html,https://experienceleague.adobe.com/docs/experience-platform/destinations/catalog/personalization/adobe-ecid.html
https://experienceleague.adobe.com/docs/experience-platform/rtcdp/destinations/destinations-cat/personalization-destinations/gainsight-extension.html,https://experienceleague.adobe.com/docs/experience-platform/destinations/catalog/personalization/gainsight.html
https://experienceleague.adobe.com/docs/experience-platform/rtcdp/destinations/destinations-cat/personalization-destinations/kickfire-extension.html,https://experienceleague.adobe.com/docs/experience-platform/destinations/catalog/personalization/kickfire.html
https://experienceleague.adobe.com/docs/experience-platform/rtcdp/destinations/destinations-cat/personalization-destinations/marketo-web-personalization-extension.html,https://experienceleague.adobe.com/docs/experience-platform/destinations/catalog/personalization/marketo-web-personalization.html
https://experienceleague.adobe.com/docs/experience-platform/rtcdp/destinations/destinations-cat/social-destinations/social-network-destinations.html,https://experienceleague.adobe.com/docs/experience-platform/destinations/catalog/social/overview.html
https://experienceleague.adobe.com/docs/experience-platform/rtcdp/destinations/destinations-cat/social-destinations/social-network-destinations-workflow.html,https://experienceleague.adobe.com/docs/experience-platform/destinations/catalog/social/workflow.html
https://experienceleague.adobe.com/docs/experience-platform/rtcdp/destinations/destinations-cat/social-destinations/adobe-livefyre-extension.html,https://experienceleague.adobe.com/docs/experience-platform/destinations/catalog/social/adobe-livefyre.html
https://experienceleague.adobe.com/docs/experience-platform/rtcdp/destinations/destinations-cat/social-destinations/facebook-destination.html,https://experienceleague.adobe.com/docs/experience-platform/destinations/catalog/social/facebook.html
https://experienceleague.adobe.com/docs/experience-platform/rtcdp/destinations/destinations-cat/voice-of-customer-destinations/voice-of-customer-destinations.html,https://experienceleague.adobe.com/docs/experience-platform/destinations/catalog/voice/overview.html
https://experienceleague.adobe.com/docs/experience-platform/rtcdp/destinations/destinations-cat/voice-of-customer-destinations/confirmit-digital-feedback-extension.html,https://experienceleague.adobe.com/docs/experience-platform/destinations/catalog/voice/confirmit-digital-feedback.html
https://experienceleague.adobe.com/docs/experience-platform/rtcdp/destinations/destinations-cat/voice-of-customer-destinations/invoca-extension.html,https://experienceleague.adobe.com/docs/experience-platform/destinations/catalog/voice/invoca.html
https://experienceleague.adobe.com/docs/experience-platform/rtcdp/destinations/destinations-cat/voice-of-customer-destinations/medallia-extension.html,https://experienceleague.adobe.com/docs/experience-platform/destinations/catalog/voice/medallia.html
https://experienceleague.adobe.com/docs/experience-platform/rtcdp/destinations/destinations-cat/voice-of-customer-destinations/talkurl-extension.html,https://experienceleague.adobe.com/docs/experience-platform/destinations/catalog/voice/talkurl.html
https://experienceleague.adobe.com/docs/experience-platform/rtcdp/destinations/dest-tutorials/connect-destination.html,https://experienceleague.adobe.com/docs/experience-platform/destinations/ui/connect-destination.html
https://experienceleague.adobe.com/docs/experience-platform/rtcdp/destinations/dest-tutorials/activate-destinations.html,https://experienceleague.adobe.com/docs/experience-platform/destinations/ui/activate-destinations.html
https://experienceleague.adobe.com/docs/experience-platform/rtcdp/destinations/api-tutorials/streaming-destinations-api-tutorial.html,https://experienceleague.adobe.com/docs/experience-platform/destinations/api/streaming-destinations.html
https://experienceleague.adobe.com/docs/experience-platform/rtcdp/destinations/api-tutorials/email-marketing-api.html,https://experienceleague.adobe.com/docs/experience-platform/destinations/api/connect-activate-batch-destinations.html
https://experienceleague.adobe.com/docs/experience-platform/tutorials/authentication.html,https://experienceleague.adobe.com/docs/experience-platform/landing/platform-apis/api-authentication.html
https://experienceleague.adobe.com/docs/experience-platform/tutorials/home.html,https://experienceleague.adobe.com/docs/platform-learn/tutorials/overview.html
https://experienceleague.adobe.com/docs/experience-platform/tutorials/data-access.html,https://experienceleague.adobe.com/docs/platform-learn/tutorials/overview.html
https://experienceleague.adobe.com/docs/experience-platform/tutorials/data-governance-privacy.html,https://experienceleague.adobe.com/docs/platform-learn/tutorials/overview.html
https://experienceleague.adobe.com/docs/experience-platform/tutorials/data-science-workspace.html,https://experienceleague.adobe.com/docs/platform-learn/tutorials/overview.html
https://experienceleague.adobe.com/docs/experience-platform/tutorials/destinations-tutorials.html,https://experienceleague.adobe.com/docs/platform-learn/tutorials/overview.html
https://experienceleague.adobe.com/docs/experience-platform/tutorials/data-ingestion.html,https://experienceleague.adobe.com/docs/platform-learn/tutorials/overview.html
https://experienceleague.adobe.com/docs/experience-platform/tutorials/configure-profile.html,https://experienceleague.adobe.com/docs/platform-learn/tutorials/overview.html
https://experienceleague.adobe.com/docs/experience-platform/tutorials/schemas.html,https://experienceleague.adobe.com/docs/platform-learn/tutorials/overview.html
https://experienceleague.adobe.com/docs/experience-platform/tutorials/segmentation.html,https://experienceleague.adobe.com/docs/platform-learn/tutorials/overview.html
https://experienceleague.adobe.com/docs/experience-platform/tutorials/destinations/api-tutorial.html,https://experienceleague.adobe.com/docs/platform-learn/tutorials/overview.html
https://experienceleague.adobe.com/docs/experience-platform/edge/fundamentals/edge-configuration.html,https://experienceleague.adobe.com/docs/experience-platform/edge/fundamentals/datastreams.html
https://experienceleague.adobe.com/docs/experience-platform/profile/ui/merge-policies.html,https://experienceleague.adobe.com/docs/experience-platform/profile/merge-policies/overview.html
https://experienceleague.adobe.com/docs/experience-platform/profile/api/merge-policies.html,https://experienceleague.adobe.com/docs/experience-platform/profile/merge-policies/merge-policies.html
https://experienceleague.adobe.com/docs/experience-platform/profile/ui/union-schema.html,https://experienceleague.adobe.com/docs/experience-platform/profile/union-schemas/union-schema.html
https://experienceleague.adobe.com/docs/experience-platform/destinations/ui/activate-destinations.html,https://experienceleague.adobe.com/docs/experience-platform/destinations/ui/activate/activation-overview.html
https://experienceleague.adobe.com/docs/experience-platform/destinations/catalog/email-marketing/workflow.html,https://experienceleague.adobe.com/docs/experience-platform/destinations/catalog/email-marketing/overview.html
https://experienceleague.adobe.com/docs/experience-platform/destinations/catalog/social/workflow.html,https://experienceleague.adobe.com/docs/experience-platform/destinations/catalog/social/overview.html
https://experienceleague.adobe.com/docs/experience-platform/destinations/catalog/cloud-storage/workflow.html,https://experienceleague.adobe.com/docs/experience-platform/destinations/catalog/cloud-storage/overview.html
https://experienceleague.adobe.com/docs/destination-sdk/help/overview.html,https://experienceleague.adobe.com/docs/experience-platform/destinations/destination-sdk/overview.html
https://experienceleague.adobe.com/docs/destination-sdk/help/integration-prerequisites.html,https://experienceleague.adobe.com/docs/experience-platform/destinations/destination-sdk/integration-prerequisites.html
https://experienceleague.adobe.com/docs/destination-sdk/help/getting-started.html,https://experienceleague.adobe.com/docs/experience-platform/destinations/destination-sdk/getting-started.html
https://experienceleague.adobe.com/docs/destination-sdk/help/functionality/configuration-options.html,https://experienceleague.adobe.com/docs/experience-platform/destinations/destination-sdk/functionality/configuration-options.html
https://experienceleague.adobe.com/docs/destination-sdk/help/functionality/destination-configuration.html,https://experienceleague.adobe.com/docs/experience-platform/destinations/destination-sdk/functionality/destination-configuration.html
https://experienceleague.adobe.com/docs/destination-sdk/help/functionality/server-and-template-configuration.html,https://experienceleague.adobe.com/docs/experience-platform/destinations/destination-sdk/functionality/server-and-template-configuration.html
https://experienceleague.adobe.com/docs/destination-sdk/help/functionality/message-format.html,https://experienceleague.adobe.com/docs/experience-platform/destinations/destination-sdk/functionality/message-format.html
https://experienceleague.adobe.com/docs/destination-sdk/help/functionality/audience-metadata-management.html,https://experienceleague.adobe.com/docs/experience-platform/destinations/destination-sdk/functionality/audience-metadata-management.html
https://experienceleague.adobe.com/docs/destination-sdk/help/functionality/credentials-configuration.html,https://experienceleague.adobe.com/docs/experience-platform/destinations/destination-sdk/functionality/authentication/authentication-configuration.html
https://experienceleague.adobe.com/docs/destination-sdk/help/functionality/oauth2-authentication.html,https://experienceleague.adobe.com/docs/experience-platform/destinations/destination-sdk/functionality/authentication/oauth2-authentication.html
https://experienceleague.adobe.com/docs/destination-sdk/help/functionality/developer-tools/create-template.html,https://experienceleague.adobe.com/docs/experience-platform/destinations/destination-sdk/functionality/developer-tools/create-template.html
https://experienceleague.adobe.com/docs/destination-sdk/help/functionality/developer-tools/test-destination.html,https://experienceleague.adobe.com/docs/experience-platform/destinations/destination-sdk/functionality/developer-tools/test-destination.html
https://experienceleague.adobe.com/docs/destination-sdk/help/api-reference/destination-configuration-api.html,https://experienceleague.adobe.com/docs/experience-platform/destinations/destination-sdk/api/destination-configuration-api.html
https://experienceleague.adobe.com/docs/destination-sdk/help/api-reference/destination-server-api.html,https://experienceleague.adobe.com/docs/experience-platform/destinations/destination-sdk/api/destination-server-api.html
https://experienceleague.adobe.com/docs/destination-sdk/help/api-reference/audience-metadata-api.html,https://experienceleague.adobe.com/docs/experience-platform/destinations/destination-sdk/api/audience-metadata-api.html
https://experienceleague.adobe.com/docs/destination-sdk/help/api-reference/credentials-configuration-api.html,https://experienceleague.adobe.com/docs/experience-platform/destinations/destination-sdk/api/credentials-configuration-api.html
https://experienceleague.adobe.com/docs/destination-sdk/help/api-reference/developer-tools-reference/sample-template-api.html,https://experienceleague.adobe.com/docs/experience-platform/destinations/destination-sdk/api/developer-tools-reference/sample-template-api.html
https://experienceleague.adobe.com/docs/destination-sdk/help/api-reference/developer-tools-reference/render-template-api.html,https://experienceleague.adobe.com/docs/experience-platform/destinations/destination-sdk/api/developer-tools-reference/render-template-api.html
https://experienceleague.adobe.com/docs/destination-sdk/help/api-reference/developer-tools-reference/destination-testing-api.html,https://experienceleague.adobe.com/docs/experience-platform/destinations/destination-sdk/api/developer-tools-reference/destination-testing-api.html
https://experienceleague.adobe.com/docs/destination-sdk/help/api-reference/developer-tools-reference/sample-profile-generation-api.html,https://experienceleague.adobe.com/docs/experience-platform/destinations/destination-sdk/api/developer-tools-reference/sample-profile-generation-api.html
https://experienceleague.adobe.com/docs/destination-sdk/help/guides/configure-destination-instructions.html,https://experienceleague.adobe.com/docs/experience-platform/destinations/destination-sdk/guides/configure-destination-instructions.html
https://experienceleague.adobe.com/docs/destination-sdk/help/document-destination/documentation-instructions.html,https://experienceleague.adobe.com/docs/experience-platform/destinations/destination-sdk/document-destination/documentation-instructions.html
https://experienceleague.adobe.com/docs/destination-sdk/help/document-destination/use-github-interface-to-create-documentation.html,https://experienceleague.adobe.com/docs/experience-platform/destinations/destination-sdk/document-destination/use-github-interface-to-create-documentation.html
https://experienceleague.adobe.com/docs/destination-sdk/help/document-destination/work-in-local-environment.html,https://experienceleague.adobe.com/docs/experience-platform/destinations/destination-sdk/document-destination/work-in-local-environment.html
https://experienceleague.adobe.com/docs/destination-sdk/help/document-destination/self-service-template.html,https://experienceleague.adobe.com/docs/experience-platform/destinations/destination-sdk/document-destination/self-service-template.html
https://experienceleague.adobe.com/docs/destination-sdk/help/release-notes.html,https://experienceleague.adobe.com/docs/experience-platform/destinations/destination-sdk/overview.html
https://experienceleague.adobe.com/docs/destination-sdk/overview.html,https://experienceleague.adobe.com/docs/experience-platform/destinations/destination-sdk/overview.html
https://experienceleague.adobe.com/docs/destination-sdk/integration-prerequisites.html,https://experienceleague.adobe.com/docs/experience-platform/destinations/destination-sdk/integration-prerequisites.html
https://experienceleague.adobe.com/docs/destination-sdk/getting-started.html,https://experienceleague.adobe.com/docs/experience-platform/destinations/destination-sdk/getting-started.html
https://experienceleague.adobe.com/docs/destination-sdk/functionality/configuration-options.html,https://experienceleague.adobe.com/docs/experience-platform/destinations/destination-sdk/functionality/configuration-options.html
https://experienceleague.adobe.com/docs/destination-sdk/functionality/destination-configuration.html,https://experienceleague.adobe.com/docs/experience-platform/destinations/destination-sdk/functionality/destination-configuration.html
https://experienceleague.adobe.com/docs/destination-sdk/functionality/server-and-template-configuration.html,https://experienceleague.adobe.com/docs/experience-platform/destinations/destination-sdk/functionality/server-and-template-configuration.html
https://experienceleague.adobe.com/docs/destination-sdk/functionality/message-format.html,https://experienceleague.adobe.com/docs/experience-platform/destinations/destination-sdk/functionality/message-format.html
https://experienceleague.adobe.com/docs/destination-sdk/functionality/audience-metadata-management.html,https://experienceleague.adobe.com/docs/experience-platform/destinations/destination-sdk/functionality/audience-metadata-management.html
https://experienceleague.adobe.com/docs/destination-sdk/functionality/credentials-configuration.html,https://experienceleague.adobe.com/docs/experience-platform/destinations/destination-sdk/functionality/authentication/authentication-configuration.html
https://experienceleague.adobe.com/docs/destination-sdk/functionality/oauth2-authentication.html,https://experienceleague.adobe.com/docs/experience-platform/destinations/destination-sdk/functionality/authentication/oauth2-authentication.html
https://experienceleague.adobe.com/docs/destination-sdk/functionality/developer-tools/create-template.html,https://experienceleague.adobe.com/docs/experience-platform/destinations/destination-sdk/functionality/developer-tools/create-template.html
https://experienceleague.adobe.com/docs/destination-sdk/functionality/developer-tools/test-destination.html,https://experienceleague.adobe.com/docs/experience-platform/destinations/destination-sdk/functionality/developer-tools/test-destination.html
https://experienceleague.adobe.com/docs/destination-sdk/api-reference/destination-configuration-api.html,https://experienceleague.adobe.com/docs/experience-platform/destinations/destination-sdk/api/destination-configuration-api.html
https://experienceleague.adobe.com/docs/destination-sdk/api-reference/destination-server-api.html,https://experienceleague.adobe.com/docs/experience-platform/destinations/destination-sdk/api/destination-server-api.html
https://experienceleague.adobe.com/docs/destination-sdk/api-reference/audience-metadata-api.html,https://experienceleague.adobe.com/docs/experience-platform/destinations/destination-sdk/api/audience-metadata-api.html
https://experienceleague.adobe.com/docs/destination-sdk/api-reference/credentials-configuration-api.html,https://experienceleague.adobe.com/docs/experience-platform/destinations/destination-sdk/api/credentials-configuration-api.html
https://experienceleague.adobe.com/docs/destination-sdk/api-reference/developer-tools-reference/sample-template-api.html,https://experienceleague.adobe.com/docs/experience-platform/destinations/destination-sdk/api/developer-tools-reference/sample-template-api.html
https://experienceleague.adobe.com/docs/destination-sdk/api-reference/developer-tools-reference/render-template-api.html,https://experienceleague.adobe.com/docs/experience-platform/destinations/destination-sdk/api/developer-tools-reference/render-template-api.html
https://experienceleague.adobe.com/docs/destination-sdk/api-reference/developer-tools-reference/destination-testing-api.html,https://experienceleague.adobe.com/docs/experience-platform/destinations/destination-sdk/api/developer-tools-reference/destination-testing-api.html
https://experienceleague.adobe.com/docs/destination-sdk/api-reference/developer-tools-reference/sample-profile-generation-api.html,https://experienceleague.adobe.com/docs/experience-platform/destinations/destination-sdk/api/developer-tools-reference/sample-profile-generation-api.html
https://experienceleague.adobe.com/docs/destination-sdk/guides/configure-destination-instructions.html,https://experienceleague.adobe.com/docs/experience-platform/destinations/destination-sdk/guides/configure-destination-instructions.html
https://experienceleague.adobe.com/docs/destination-sdk/document-destination/documentation-instructions.html,https://experienceleague.adobe.com/docs/experience-platform/destinations/destination-sdk/document-destination/documentation-instructions.html
https://experienceleague.adobe.com/docs/destination-sdk/document-destination/use-github-interface-to-create-documentation.html,https://experienceleague.adobe.com/docs/experience-platform/destinations/destination-sdk/document-destination/use-github-interface-to-create-documentation.html
https://experienceleague.adobe.com/docs/destination-sdk/document-destination/work-in-local-environment.html,https://experienceleague.adobe.com/docs/experience-platform/destinations/destination-sdk/document-destination/work-in-local-environment.html
https://experienceleague.adobe.com/docs/destination-sdk/document-destination/self-service-template.html,https://experienceleague.adobe.com/docs/experience-platform/destinations/destination-sdk/document-destination/self-service-template.html
https://experienceleague.adobe.com/docs/destination-sdk/release-notes.html,https://experienceleague.adobe.com/docs/experience-platform/destinations/destination-sdk/overview.html
https://experienceleague.adobe.com/docs/experience-platform/rtcdp/profile/merge-policies.html,https://experienceleague.adobe.com/docs/experience-platform/rtcdp/merge-policies/merge-policies-overview.html
https://experienceleague.adobe.com/docs/experience-platform/rtcdp/profile/identities-overview.html,https://experienceleague.adobe.com/docs/experience-platform/rtcdp/identity/identities-overview.html
https://experienceleague.adobe.com/docs/experience-platform/rtcdp/profile/profile-viewer.html,https://experienceleague.adobe.com/docs/experience-platform/rtcdp/profile/profile-browse.html
https://experienceleague.adobe.com/docs/launch.html,https://experienceleague.adobe.com/docs/tags.html
https://experienceleague.adobe.com/docs/experience-platform/destinations/destination-sdk/api-reference/destination-configuration-api.html,https://experienceleague.adobe.com/docs/experience-platform/destinations/destination-sdk/api/destination-configuration-api.html
https://experienceleague.adobe.com/docs/experience-platform/destinations/destination-sdk/api-reference/destination-server-api.html,https://experienceleague.adobe.com/docs/experience-platform/destinations/destination-sdk/api/destination-server-api.html
https://experienceleague.adobe.com/docs/experience-platform/destinations/destination-sdk/api-reference/audience-metadata-api.html,https://experienceleague.adobe.com/docs/experience-platform/destinations/destination-sdk/api/audience-metadata-api.html
https://experienceleague.adobe.com/docs/experience-platform/destinations/destination-sdk/api-reference/credentials-configuration-api.html,https://experienceleague.adobe.com/docs/experience-platform/destinations/destination-sdk/api/credentials-configuration-api.html
https://experienceleague.adobe.com/docs/experience-platform/destinations/destination-sdk/api-reference/destination-publish-api.html,https://experienceleague.adobe.com/docs/experience-platform/destinations/destination-sdk/api/destination-publish-api.html
https://experienceleague.adobe.com/docs/experience-platform/destinations/destination-sdk/api-reference/developer-tools-reference/sample-template-api.html,https://experienceleague.adobe.com/docs/experience-platform/destinations/destination-sdk/api/developer-tools-reference/sample-template-api.html
https://experienceleague.adobe.com/docs/experience-platform/destinations/destination-sdk/api-reference/developer-tools-reference/render-template-api.html,https://experienceleague.adobe.com/docs/experience-platform/destinations/destination-sdk/api/developer-tools-reference/render-template-api.html
https://experienceleague.adobe.com/docs/experience-platform/destinations/destination-sdk/api-reference/developer-tools-reference/destination-testing-api.html,https://experienceleague.adobe.com/docs/experience-platform/destinations/destination-sdk/api/developer-tools-reference/destination-testing-api.html
https://experienceleague.adobe.com/docs/experience-platform/destinations/destination-sdk/api-reference/developer-tools-reference/sample-profile-generation-api.html,https://experienceleague.adobe.com/docs/experience-platform/destinations/destination-sdk/api/developer-tools-reference/sample-profile-generation-api.html
https://experienceleague.adobe.com/docs/experience-platform/destinations/destination-sdk/functionality/credentials-configuration.html,https://experienceleague.adobe.com/docs/experience-platform/destinations/destination-sdk/functionality/authentication/authentication-configuration.html
https://experienceleague.adobe.com/docs/experience-platform/destinations/destination-sdk/functionality/oauth2-authentication.html,https://experienceleague.adobe.com/docs/experience-platform/destinations/destination-sdk/functionality/authentication/oauth2-authentication.html
https://experienceleague.adobe.com/docs/experience-platform/destinations/catalog/http-destination.html,https://experienceleague.adobe.com/docs/experience-platform/destinations/catalog/streaming/http-destination.html
https://experienceleague.adobe.com/docs/experience-platform/data-science-workspace/jupyterlab/create-a-recipe.html,https://experienceleague.adobe.com/docs/experience-platform/data-science-workspace/jupyterlab/create-a-model.html
https://experienceleague.adobe.com/docs/experience-platform/destinations/api/email-marketing.html,https://experienceleague.adobe.com/docs/experience-platform/destinations/api/connect-activate-batch-destinations.html
https://experienceleague.adobe.com/docs/experience-platform/query/best-practices/experience-event.html,https://experienceleague.adobe.com/docs/experience-platform/query/sample-queries/experience-event.html
https://experienceleague.adobe.com/docs/experience-platform/query/best-practices/adobe-target.html,https://experienceleague.adobe.com/docs/experience-platform/query/sample-queries/adobe-target.html
https://experienceleague.adobe.com/docs/experience-platform/destinations/destination-sdk/api/developer-tools-reference/sample-template-api.html,https://experienceleague.adobe.com/docs/experience-platform/destinations/destination-sdk/api/developer-tools-reference/streaming-destination-testing-api/sample-template-api.html
https://experienceleague.adobe.com/docs/experience-platform/destinations/destination-sdk/api/developer-tools-reference/render-template-api.html,https://experienceleague.adobe.com/docs/experience-platform/destinations/destination-sdk/api/developer-tools-reference/streaming-destination-testing-api/render-template-api.html
https://experienceleague.adobe.com/docs/experience-platform/destinations/destination-sdk/api/developer-tools-reference/destination-testing-api.html,https://experienceleague.adobe.com/docs/experience-platform/destinations/destination-sdk/api/developer-tools-reference/streaming-destination-testing-api/destination-testing-api.html
https://experienceleague.adobe.com/docs/experience-platform/destinations/destination-sdk/api/developer-tools-reference/sample-profile-generation-api.html,https://experienceleague.adobe.com/docs/experience-platform/destinations/destination-sdk/api/developer-tools-reference/streaming-destination-testing-api/sample-profile-generation-api.html
https://experienceleague.adobe.com/docs/experience-platform/destinations/destination-sdk/functionality/server-and-file-configuration.html,https://experienceleague.adobe.com/docs/experience-platform/destinations/destination-sdk/functionality/destination-server/server-specs.html
https://experienceleague.adobe.com/docs/experience-platform/destinations/destination-sdk/functionality/message-format.html,https://experienceleague.adobe.com/docs/experience-platform/destinations/destination-sdk/functionality/destination-server/message-format.html
https://experienceleague.adobe.com/docs/experience-platform/destinations/destination-sdk/functionality/authentication/authentication-configuration.html,https://experienceleague.adobe.com/docs/experience-platform/destinations/destination-sdk/functionality/destination-configuration/customer-authentication.html
https://experienceleague.adobe.com/docs/experience-platform/destinations/destination-sdk/functionality/file-based-destination-configuration.html,https://experienceleague.adobe.com/docs/experience-platform/destinations/destination-sdk/functionality/destination-configuration/customer-authentication.html
https://experienceleague.adobe.com/docs/experience-platform/destinations/destination-sdk/reference/rate-limiting-retry-policy.html,https://experienceleague.adobe.com/docs/experience-platform/destinations/destination-sdk/functionality/rate-limiting-retry-policy.html
https://experienceleague.adobe.com/docs/experience-platform/destinations/destination-sdk/reference/supported-functions.html,https://experienceleague.adobe.com/docs/experience-platform/destinations/destination-sdk/functionality/supported-functions.html
https://experienceleague.adobe.com/docs/experience-platform/destinations/destination-sdk/functionality/authentication/oauth2-authentication.html,https://experienceleague.adobe.com/docs/experience-platform/destinations/destination-sdk/functionality/destination-configuration/oauth2-authentication.html
https://experienceleague.adobe.com/docs/experience-platform/destinations/destination-sdk/api/destination-server-api.html,https://experienceleague.adobe.com/docs/experience-platform/destinations/destination-sdk/authoring-api/server-operations/create-destination-server.html
https://experienceleague.adobe.com/docs/experience-platform/destinations/destination-sdk/api/destination-configuration-api.html,https://experienceleague.adobe.com/docs/experience-platform/destinations/destination-sdk/authoring-api/destination-operations/create-destination-configuration.html
https://experienceleague.adobe.com/docs/experience-platform/destinations/destination-sdk/api/audience-metadata-api.html,https://experienceleague.adobe.com/docs/experience-platform/destinations/destination-sdk/audience-template-api/create-audience-template.html
https://experienceleague.adobe.com/docs/experience-platform/destinations/destination-sdk/functionality/developer-tools/create-template.html,https://experienceleague.adobe.com/docs/experience-platform/destinations/destination-sdk/testing-api/create-template.html
https://experienceleague.adobe.com/docs/experience-platform/destinations/destination-sdk/functionality/developer-tools/test-destination.html,https://experienceleague.adobe.com/docs/experience-platform/destinations/destination-sdk/testing-api/test-destination.html
https://experienceleague.adobe.com/docs/experience-platform/destinations/destination-sdk/api/credentials-configuration-api.html,https://experienceleague.adobe.com/docs/experience-platform/destinations/destination-sdk/credentials-api/create-credential-configuration.html
https://experienceleague.adobe.com/docs/experience-platform/destinations/destination-sdk/api/destination-publish-api.html,https://experienceleague.adobe.com/docs/experience-platform/destinations/destination-sdk/publishing-api/create-publishing-request.html
https://experienceleague.adobe.com/docs/experience-platform/destinations/destination-sdk/api/developer-tools-reference/file-based-destination-testing-api/file-based-destination-testing-overview.html,https://experienceleague.adobe.com/docs/experience-platform/destinations/destination-sdk/testing-api/batch-destinations/file-based-destination-testing-overview.html
https://experienceleague.adobe.com/docs/experience-platform/destinations/destination-sdk/api/developer-tools-reference/file-based-destination-testing-api/file-based-sample-profile-generation-api.html?lang=en,https://experienceleague.adobe.com/docs/experience-platform/destinations/destination-sdk/testing-api/batch-destinations/file-based-sample-profile-generation-api.html
https://experienceleague.adobe.com/docs/experience-platform/destinations/destination-sdk/api/developer-tools-reference/file-based-destination-testing-api/file-based-destination-testing-api.html,https://experienceleague.adobe.com/docs/experience-platform/destinations/destination-sdk/testing-api/batch-destinations/file-based-destination-testing-api.html
https://experienceleague.adobe.com/docs/experience-platform/destinations/destination-sdk/api/developer-tools-reference/file-based-destination-testing-api/file-based-destination-results-api.html,https://experienceleague.adobe.com/docs/experience-platform/destinations/destination-sdk/testing-api/batch-destinations/file-based-destination-results-api.html
https://experienceleague.adobe.com/docs/experience-platform/destinations/destination-sdk/api/developer-tools-reference/file-based-destination-testing-api/file-based-render-template-api.html,https://experienceleague.adobe.com/docs/experience-platform/destinations/destination-sdk/testing-api/batch-destinations/file-based-render-template-api.html
https://experienceleague.adobe.com/docs/experience-platform/destinations/ui/activate/configure-personalization-destinations.html,https://experienceleague.adobe.com/docs/experience-platform/destinations/ui/activate/activate-edge-personalization-destinations.html
https://experienceleague.adobe.com/docs/experience-platform/destinations/ui/activate/activate-profile-request-destinations.html,https://experienceleague.adobe.com/docs/experience-platform/destinations/ui/activate/activate-edge-personalization-destinations.html
https://experienceleague.adobe.com/docs/experience-platform/tags/extensions/client/sdk/overview.html,https://experienceleague.adobe.com/docs/experience-platform/tags/extensions/client/web-sdk/overview.html
https://experienceleague.adobe.com/docs/experience-platform/tags/extensions/client/web-sdk-plugins/overview.html,https://experienceleague.adobe.com/docs/experience-platform/tags/extensions/client/web-sdk/web-sdk-plugins.html
https://experienceleague.adobe.com/docs/experience-platform/tags/extensions/client/web-sdk-plugins/release-notes.html,https://experienceleague.adobe.com/docs/experience-platform/tags/extensions/client/web-sdk/web-sdk-plugins-release-notes.html
https://experienceleague.adobe.com/docs/experience-platform/edge/extension/web-sdk-extension-configuration.html,https://experienceleague.adobe.com/docs/experience-platform/tags/extensions/client/web-sdk/web-sdk-extension-configuration.html
https://experienceleague.adobe.com/docs/experience-platform/edge/extension/event-types.html,https://experienceleague.adobe.com/docs/experience-platform/tags/extensions/client/web-sdk/event-types.html
https://experienceleague.adobe.com/docs/experience-platform/edge/extension/action-types.html,https://experienceleague.adobe.com/docs/experience-platform/tags/extensions/client/web-sdk/action-types.html
https://experienceleague.adobe.com/docs/experience-platform/edge/extension/data-element-types.html,https://experienceleague.adobe.com/docs/experience-platform/tags/extensions/client/web-sdk/data-element-types.html
https://experienceleague.adobe.com/docs/experience-platform/edge/extension/accessing-the-ecid.html,https://experienceleague.adobe.com/docs/experience-platform/tags/extensions/client/web-sdk/accessing-the-ecid.html
https://experienceleague.adobe.com/docs/experience-platform/edge/extension/web-sdk-ext-release-notes.html,https://experienceleague.adobe.com/docs/experience-platform/tags/extensions/client/web-sdk/web-sdk-ext-release-notes.html
https://experienceleague.adobe.com/docs/experience-platform/segmentation/ui/segment-dashboard.html,https://experienceleague.adobe.com/docs/experience-platform/segmentation/ui/audience-dashboard.html